<?xml version="1.0"?>
<doc>
    <assembly>
        <name>CitiesManager.WebAPI</name>
    </assembly>
    <members>
        <member name="T:CitiesManager.WebAPI.Controllers.v1.AccountController">
            <summary>
            
            </summary>
        </member>
        <member name="M:CitiesManager.WebAPI.Controllers.v1.AccountController.#ctor(Microsoft.AspNetCore.Identity.UserManager{CitiesManager.Core.Identity.ApplicationUser},Microsoft.AspNetCore.Identity.SignInManager{CitiesManager.Core.Identity.ApplicationUser},Microsoft.AspNetCore.Identity.RoleManager{CitiesManager.Core.Identity.ApplicationRole},CitiesManager.Core.ServiceContracts.IJwtService)">
            <summary>
            
            </summary>
            <param name="userManager"></param>
            <param name="signInManager"></param>
            <param name="roleManager"></param>
        </member>
        <member name="M:CitiesManager.WebAPI.Controllers.v1.AccountController.PostRegister(CitiesManager.Core.DTO.RegisterDTO)">
            <summary>
            
            </summary>
            <param name="registerDTO"></param>
            <returns></returns>
        </member>
        <member name="M:CitiesManager.WebAPI.Controllers.v1.AccountController.IsEmailAlreadyRegistered(System.String)">
            <summary>
            
            </summary>
            <param name="email"></param>
            <returns></returns>
        </member>
        <member name="M:CitiesManager.WebAPI.Controllers.v1.AccountController.PostLogin(CitiesManager.Core.DTO.LoginDTO)">
            <summary>
            
            </summary>
            <param name="loginDTO"></param>
            <returns></returns>
        </member>
        <member name="M:CitiesManager.WebAPI.Controllers.v1.AccountController.GetLogout">
            <summary>
            
            </summary>
            <returns></returns>
        </member>
        <member name="T:CitiesManager.WebAPI.Controllers.v1.CitiesController">
            <summary>
            
            </summary>
        </member>
        <member name="M:CitiesManager.WebAPI.Controllers.v1.CitiesController.#ctor(CitiesManager.Infrastructure.DatabaseContext.ApplicationDbContext)">
            <summary>
            
            </summary>
            <param name="context"></param>
        </member>
        <member name="M:CitiesManager.WebAPI.Controllers.v1.CitiesController.GetCities">
            <summary>
            To get list of cities (including city ID and city name) from 'cities' table
            </summary>
            <returns></returns>  // GET: api/Cities
        </member>
        <member name="M:CitiesManager.WebAPI.Controllers.v1.CitiesController.GetCity(System.Guid)">
            <summary>
            
            </summary>
            <param name="cityID"></param>
            <returns></returns>
        </member>
        <member name="M:CitiesManager.WebAPI.Controllers.v1.CitiesController.PutCity(System.Guid,CitiesManager.Core.Models.City)">
            <summary>
            
            </summary>
            <param name="cityID"></param>
            <param name="city"></param>
            <returns></returns>
        </member>
        <member name="M:CitiesManager.WebAPI.Controllers.v1.CitiesController.PostCity(CitiesManager.Core.Models.City)">
            <summary>
            
            </summary>
            <param name="city"></param>
            <returns></returns>
        </member>
        <member name="M:CitiesManager.WebAPI.Controllers.v1.CitiesController.DeleteCity(System.Guid)">
            <summary>
            
            </summary>
            <param name="id"></param>
            <returns></returns>
        </member>
        <member name="T:CitiesManager.WebAPI.Controllers.v2.CitiesController">
            <summary>
            
            </summary>
        </member>
        <member name="M:CitiesManager.WebAPI.Controllers.v2.CitiesController.#ctor(CitiesManager.Infrastructure.DatabaseContext.ApplicationDbContext)">
            <summary>
            
            </summary>
            <param name="context"></param>
        </member>
        <member name="M:CitiesManager.WebAPI.Controllers.v2.CitiesController.GetCities">
            <summary>
            To get list of cities (only city name) from 'cities' table
            </summary>
            <returns></returns>
        </member>
    </members>
</doc>
